<?xml version="1.0" encoding="UTF-8" standalone="yes"?>
<addon id="repository.tvgratis" name="Tvgratis Repository" version="1.0.1" provider-name="Fer - Marce - tvgratis">
	<extension point="xbmc.addon.repository" name="Tvgratis Repository">
		<info compressed="false">http://raw.github.com/fertvgratis/repository.tvgratis/master/addons.xml</info>
		<checksum>http://raw.github.com/fertvgratis/repository.tvgratis/master/addons.xml.md5</checksum>
		<datadir zip="true">http://raw.github.com/fertvgratis/repository.tvgratis/master/repo/</datadir>
	</extension>
	<extension point="xbmc.addon.metadata">
		<summary>Actualizaciones Kodi addons</summary>
		<description>Repositorio con todo lo necesario para instalar sin problemas tvgratis</description>
		<disclaimer></disclaimer>
		<platform>all</platform>
	</extension>
</addon>
