<?xml version="1.0" encoding="UTF-8" standalone="yes"?>
<addon id="plugin.video.Verema"
       name="Verema[COLOR blue][/COLOR]"
       version="1.0.1"
       provider-name="Verema">
  <requires>
    <import addon="xbmc.python" version="2.1.0"/>
    <import addon="script.module.beautifulsoup" version="3.2.1"/>
    <import addon="script.module.simple.downloader" version="0.9.4"/>
    <import addon="script.module.beautifulsoup4" />
    <import addon="script.module.requests" />
    <import addon="script.module.httplib2" />
    <import addon="script.module.liveresolver" version="0.1.24" optional="true"/>
    <import addon="script.module.youtube.dl" optional="true"/>
    <import addon="plugin.video.youtube" optional="true" />
    <import addon="script.module.urlresolver" optional="true"/>
    <import addon="script.module.simplejson" />    
     <import addon="script.module.livestreamer" optional="true"/>
     <import addon="script.module.pyamf" optional="true"/>
  </requires>
  <extension point="xbmc.python.pluginsource" library="default.py">
    <provides>video</provides>
  </extension>
  
	<extension point="xbmc.addon.repository" name="verema Repository">
		<info compressed="false">http://raw.github.com/verema/repository.verema/master/addons.xml</info>
		<checksum>http://raw.github.com/verema/repository.verema/master/addons.xml.md5</checksum>
		<datadir zip="true">http://raw.github.com/verema/repository.verema/master/repo/</datadir>
	</extension>

  <extension point="xbmc.addon.metadata">
    <summary>Creado por Verema</summary>
    <description>Enigmas 2017</description>
    <platform>all</platform>
  </extension>
</addon>
