<?xml version="1.0" encoding="utf-8" standalone="yes"?>
<channel>
	<id>allpeliculas</id>
	<name>Allpeliculas</name>
	<language>es</language>
	<update_url></update_url>
	<active>true</active>
	
	<version>3</version>
	<adult>false</adult>

	<changes>
		<change>
			<date>27/01/17</date>
			<autor>Cmos</autor>
			<description>Reparados enlaces a servidor vimeo</description>
		</change>
		<change>
			<date>19/03/16</date>
			<autor>Cmos</autor>
			<description>Añadido soporte para la biblioteca y reparada busqueda global.</description>
		</change>
	</changes>

	<fanart></fanart>
	<thumbnail>http://i.imgur.com/aWCDWtn.png</thumbnail>
	<bannermenu>http://media.tvalacarta.info/pelisalacarta/bannermenu/allpeliculas.png</bannermenu>
	<categories>
		<category>movie</category>
		<category>latino</category>
		<category>vos</category>
		<category>serie</category>
	</categories>

	<settings>
		<id>include_in_global_search</id>
		<type>bool</type>
		<label>Incluir en busqueda global</label>
		<default>true</default>
		<enabled>true</enabled>
		<visible>true</visible>
	</settings>
	<settings>
		<id>include_in_newest_peliculas</id>
		<type>bool</type>
		<label>Incluir en Novedades - Películas</label>
		<default>true</default>
		<enabled>true</enabled>
		<visible>true</visible>
	</settings>
	<settings>
		<id>modo_grafico</id>
		<type>bool</type>
		<label>Buscar información extra</label>
 		<default>true</default>
 		<enabled>true</enabled>
 		<visible>true</visible>
 	</settings>
	<settings>
		<id>perfil</id>
		<type>list</type>
		<label>Perfil de color</label>
		<default>0</default>
		<enabled>true</enabled>
		<visible>true</visible>
		<lvalues>Perfil 3</lvalues>
		<lvalues>Perfil 2</lvalues>
		<lvalues>Perfil 1</lvalues>
	</settings>
</channel>
