<?xml version="1.0" encoding="utf-8" standalone="yes"?>
<channel>
   <id>cinecalidad</id>
   <name>CineCalidad</name>

   <active>true</active>
   <adult>false</adult>
   <language>es</language>

   <fanart></fanart>
   <thumbnail>https://s31.postimg.org/puxmvsi7v/cinecalidad.png</thumbnail>
   <bannermenu>https://s32.postimg.org/kihkdpx1x/banner_cinecalidad.png</bannermenu>

   <update_url>https://raw.githubusercontent.com/tvalacarta/pelisalacarta/master/python/main-classic/channels/</update_url>
   <version>2</version>
   <date>18/06/2016</date>
   <changes>First release</changes>

   <categories>
      <category>latino</category>
      <category>movie</category>
   </categories>

   <settings>
      <include_in_global_search>false</include_in_global_search>
   </settings>
</channel>
