<?xml version="1.0" encoding="utf-8" standalone="yes"?>
<channel>
	<id>estrenosdtl</id>
	<name>Estrenos DTL</name>

	<active>true</active>
	<adult>false</adult>
	<language>es</language>

	<fanart></fanart>
	<thumbnail>http://i.imgur.com/DOaK86l.jpg</thumbnail>
	<bannermenu></bannermenu>

	<update_url>https://raw.githubusercontent.com/surebic/plugin.video.torrentin/master/resources/parches/pelisalacarta/channels/</update_url>
	<version>7</version>
	<date>12/02/2017</date>
	<changes>Primera version publica</changes>

	<categories>
		<category>torrent</category>
		<category>movie</category>
		<category>serie</category>
	</categories>
	
	<settings>
		<id>include_in_global_search</id>
		<type>bool</type>
		<label>Incluir en la búsqueda global</label>
		<default>true</default>
		<enabled>true</enabled>
		<visible>true</visible>
	</settings>

	<settings>
		<id>modo_grafico</id>
		<type>bool</type>
		<label>Buscar datos extra en TMDb en los listados</label>
		<default>true</default>
		<enabled>true</enabled>
		<visible>true</visible>
	</settings>

	<settings>
		<id>modo_grafico_b</id>
		<type>bool</type>
		<label>Buscar datos extra en TMDb en la búsquedas (enlentece el buscador general)</label>
		<default>true</default>
		<enabled>true</enabled>
		<visible>true</visible>
	</settings>
 
</channel>
