<?xml version="1.0" encoding="utf-8" standalone="yes"?>
<channel>
	<id>estrenosya</id>
	<name>Estrenos GO</name>

	<active>true</active>
	<adult>false</adult>
	<language>es</language>

	<fanart></fanart>
	<thumbnail>http://i.imgur.com/CPqv4rz.jpg</thumbnail>
	<bannermenu></bannermenu>

	<update_url>https://raw.githubusercontent.com/surebic/plugin.video.torrentin/master/resources/parches/pelisalacarta/channels/</update_url>
	<version>9</version>
	<date>17/02/2017</date>
	<changes>Arreglado buscador y mejorado</changes>

	<categories>
		<category>torrent</category>
		<category>movie</category>
		<category>serie</category>
		<category>vos</category>
	</categories>
	
	<settings>
		<id>include_in_global_search</id>
		<type>bool</type>
		<label>Incluir en la búsqueda global</label>
		<default>true</default>
		<enabled>true</enabled>
		<visible>true</visible>
	</settings>

	<settings>
		<id>modo_grafico</id>
		<type>bool</type>
		<label>Buscar datos extra en TMDb</label>
		<default>true</default>
		<enabled>true</enabled>
		<visible>true</visible>
	</settings>

</channel>
