<?xml version="1.0" encoding="UTF-8" standalone="yes"?>
<addon id="plugin.video.Catoal"
       name="Catoal[COLOR blue] 5[/COLOR].[COLOR yellow]3[/COLOR].[COLOR red]7[/COLOR]"
       version="5.3.7"
       provider-name="Catoal">
  <requires>
    <import addon="xbmc.python" version="2.1.0"/>
    <import addon="script.module.beautifulsoup" version="3.2.1"/>
    <import addon="script.module.simple.downloader" version="0.9.4"/>
    <import addon="script.module.beautifulsoup4" />
    <import addon="script.module.requests" />
    <import addon="script.module.httplib2" />
    <import addon="script.module.liveresolver" version="0.1.24" optional="true"/>
    <import addon="script.module.youtube.dl" optional="true"/>
    <import addon="plugin.video.youtube" optional="true" />
    <import addon="script.module.urlresolver" optional="true"/>
    <import addon="script.module.simplejson" />    
     <import addon="script.module.livestreamer" optional="true"/>
     <import addon="script.module.pyamf" optional="true"/>
  </requires>
  <extension point="xbmc.python.pluginsource" library="default.py">
    <provides>video</provides>
  </extension>
  
     <extension point="xbmc.addon.repository" name="Catoal Repository">
		<info compressed="false">http://raw.github.com/catoalkodi/repository.catoal/master/addons.xml</info>
		<checksum>http://raw.github.com/catoalkodi/repository.catoal/master/addons.xml.md5</checksum>
		<datadir zip="true">http://raw.github.com/catoalkodi/repository.catoal/master/repo/</datadir>
	</extension>

  <extension point="xbmc.addon.metadata">
    <summary>Creado por Catoal</summary>
    <description>Catoal 2017</description>
    <platform>all</platform>
  </extension>
</addon>
