<?xml version="1.0" ?>
<server>
	<active>true</active>
	<version>3</version>
	<changes>
        <change>
            <date>25/01/2017</date>
            <autor>Cmos</autor>
            <description>Mejorado el conector gracias al método jhexdecode de robalo, reparado y adaptado al uso de httptools</description>
        </change>
        <change>
            <date>07/11/2016</date>
            <autor>Cmos</autor>
            <description>Mejorado el código</description>
        </change>
	</changes>
	<free>true</free>
	<id>powvideo</id>
	<name>powvideo</name>
	<premium></premium>
	<thumbnail>http://media.tvalacarta.info/servers/server_powvideo.png</thumbnail>
	<update_url>https://raw.githubusercontent.com/tvalacarta/pelisalacarta/master/python/main-classic/servers/</update_url>	
</server>
