<?xml version="1.0" encoding="UTF-8" standalone="yes"?>
<addon id="plugin.program.echowizard" 
	     name="[COLOR lime]ECHO[/COLOR] [COLOR white]Wizard[/COLOR]" 
	     version="1.03" 
	     provider-name="Echo Coder">
  <requires>
  	<import addon="xbmc.python" version="2.1.0"/>
	<import addon="plugin.video.youtube"  optional="true"/>
	<import addon="script.module.requests" version="2.9.1"/>
  </requires>
  <extension point="xbmc.python.pluginsource" library="default.py">
        <provides>executable</provides>
  </extension>
  <extension point="xbmc.service" library="service.py" start="startup">
  </extension> 
  <extension point="xbmc.addon.metadata">
    <platform>all</platform>
    <summary lang="en">[COLOR lime]ECHO[/COLOR] [COLOR white]Wizard[/COLOR]</summary>
    <description lang="en">ECHO Wizard.</description>
    <disclaimer lang="en"></disclaimer>
    <language></language>
    <platform>all</platform>
    <license>GNU GENERAL PUBLIC LICENSE. Version 2, June 1991</license>
    <forum>http://www.echocoder.com</forum>
    <website>http://www.echocoder.com</website>
    <email>tdbwizard@gmail.com</email>
  </extension>
</addon>