<?xml version="1.0" encoding="UTF-8" standalone="yes"?>
<addon id="plugin.program.echoinstaller" 
	     name="[COLOR lime]ECHO[/COLOR] [COLOR white]Addon Installer[/COLOR]" 
	     version="1.04" 
	     provider-name="Echo Coder">
  <requires>
  	<import addon="xbmc.python" version="2.1.0"/>
  </requires>
  <extension point="xbmc.python.pluginsource" library="default.py">
        <provides>executable</provides>
  </extension>
  <extension point="xbmc.addon.metadata">
    <platform>all</platform>
    <summary lang="en">[COLOR lime]ECHO[/COLOR] [COLOR white]Addon Installer[/COLOR]</summary>
    <description lang="en">ECHO Addon Installer.</description>
    <disclaimer lang="en"></disclaimer>
    <language></language>
    <platform>all</platform>
    <license>GNU GENERAL PUBLIC LICENSE. Version 2, June 1991</license>
    <forum>http://www.echocoder.com</forum>
    <website>http://www.echocoder.com</website>
    <email>echocoder@protonmail.com</email>
  </extension>
</addon>